Name,Tags,Revision,Remarks,Date
"Chapter 1: The Scientific Endeavour ",Science,Revisied,"Made by  ",
Chapter 2: Exploring Diversity of Matter by its Physical Properties,Science,Revisied,"Made by  ",
Chapter 3: Exploring Diversity Of Matter Through Its Chemical Composition,Science,Revisied,"Made by  ",
Chapter 4: Exploring Diversity of Matter using Separation Techniques,Science,Revisied,"Made by  ",
Chapter 5: Ray Model Of Light,Science,Revisied,"Made by  ",
"Chapter 5: Spatial Distribution Of Tropical Rainforests and Mangroves.  ",Geography,Revisied,"Made by  and  ",
Chapter 6: Model of Cells - The Basic  Unit of Life,Science,Revisied,"Made by  ",
"Chapter 6: Water and its Uses ",Geography,Start Soon,"Made by  ",
Chapter 7: The Particulate Nature Of Matter,Science,Revisied,"Made by  ",
"English Summary Writing ",English,Revisied,"Made by  ",
Geographical Investigation,Geography,Start Soon,"Made by  ",
"Introduction to Drama: Don’t Know, Don’t Care",literature,Revisied,"Made by  ",
Last Minute Things for Geography,Geography,Doing,"Made by  and  ","October 13, 2022"
Math Overall Revision (1A),Math,Revisied,"7 Chapters, Made by  ",
PEAL Answering Technique,literature,Revisied,"Made by  ",
Percentage,Math,Revisied,"Made by  ",
华文词语手册（上）,Chinese,Revisied,"Made by  ",